DummySiteID,Year,SurveyName,StatArea,NumQuads,NumPycno,PycnoDensity,BottomTime
1,2006,CC 2006 Index sites survey,5,16,4,0.25,71
2,2006,CC 2006 Index sites survey,5,16,1,0.0625,27
3,2006,CC 2006 Index sites survey,5,16,1,0.0625,40
4,2006,CC 2006 Index sites survey,5,16,3,0.1875,24
5,2006,CC 2006 Index sites survey,5,16,5,0.3125,35
6,2006,CC 2006 Index sites survey,5,16,5,0.3125,44
7,2006,CC 2006 Index sites survey,5,16,2,0.125,29
8,2006,CC 2006 Index sites survey,5,16,1,0.0625,44
9,2006,CC 2006 Index sites survey,6,16,7,0.4375,66
10,2006,CC 2006 Index sites survey,6,16,2,0.125,39
11,2006,CC 2006 Index sites survey,6,16,4,0.25,35
12,2006,CC 2006 Index sites survey,6,16,0,0,24
13,2006,CC 2006 Index sites survey,6,16,1,0.0625,28
14,2006,CC 2006 Index sites survey,6,16,0,0,32
15,2006,CC 2006 Index sites survey,6,16,3,0.1875,29
16,2006,CC 2006 Index sites survey,6,16,1,0.0625,34
17,2006,CC 2006 Index sites survey,6,16,3,0.1875,29
18,2006,CC 2006 Index sites survey,6,16,0,0,26
19,2006,CC 2006 Index sites survey,6,16,4,0.25,52
20,2006,CC 2006 Index sites survey,6,16,0,0,33
21,2006,CC 2006 Index sites survey,6,16,1,0.0625,24
22,2006,CC 2006 Index sites survey,6,16,1,0.0625,28
23,2006,CC 2006 Index sites survey,6,15,5,0.333333333,47
24,2006,CC 2006 Index sites survey,6,16,1,0.0625,34
25,2006,CC 2006 Index sites survey,6,16,4,0.25,47
26,2006,CC 2006 Index sites survey,6,16,1,0.0625,45
27,2006,CC 2006 Index sites survey,6,16,1,0.0625,31
28,2006,CC 2006 Index sites survey,6,16,3,0.1875,32
29,2006,CC 2006 Index sites survey,6,16,0,0,42
30,2006,CC 2006 Index sites survey,6,16,2,0.125,55
31,2006,CC 2006 Index sites survey,6,16,0,0,39
32,2006,CC 2006 Index sites survey,6,16,3,0.1875,40
33,2006,CC 2006 Index sites survey,6,16,1,0.0625,45
34,2006,CC 2006 Index sites survey,6,16,0,0,59
35,2006,CC 2006 Index sites survey,6,16,3,0.1875,33
36,2006,CC 2006 Index sites survey,6,16,4,0.25,50
37,2006,CC 2006 Index sites survey,6,16,2,0.125,45
38,2006,CC 2006 Index sites survey,6,16,3,0.1875,45
39,2006,CC 2006 Index sites survey,6,16,2,0.125,31
40,2006,CC 2006 Index sites survey,6,16,5,0.3125,36
41,2006,CC 2006 Index sites survey,6,16,3,0.1875,65
42,2006,CC 2006 Index sites survey,6,16,2,0.125,56
43,2006,CC 2006 Index sites survey,6,16,2,0.125,59
44,2006,CC 2006 Index sites survey,6,16,1,0.0625,59
45,2006,CC 2006 Index sites survey,6,16,2,0.125,31
46,2006,CC 2006 Index sites survey,7,16,4,0.25,32
47,2006,CC 2006 Index sites survey,7,16,8,0.5,41
48,2006,CC 2006 Index sites survey,7,16,1,0.0625,23
49,2006,CC 2006 Index sites survey,7,16,0,0,25
50,2006,CC 2006 Index sites survey,7,16,0,0,30
51,2006,CC 2006 Index sites survey,7,16,0,0,47
52,2006,CC 2006 Index sites survey,7,16,0,0,37
53,2006,CC 2006 Index sites survey,7,16,1,0.0625,30
54,2006,CC 2006 Index sites survey,7,16,0,0,25
55,2006,CC 2006 Index sites survey,7,16,0,0,52
56,2006,CC 2006 Index sites survey,7,16,0,0,27
57,2006,CC 2006 Index sites survey,7,16,0,0,37
58,2006,CC 2006 Index sites survey,7,16,0,0,58
59,2006,CC 2006 Index sites survey,7,16,0,0,47
60,2006,CC 2006 Index sites survey,7,16,0,0,27
61,2006,CC 2006 Index sites survey,7,16,0,0,32
62,2006,CC 2006 Index sites survey,7,16,1,0.0625,30
63,2006,CC 2006 Index sites survey,7,16,0,0,32
64,2006,CC 2006 Index sites survey,7,16,0,0,37
65,2006,CC 2006 Index sites survey,7,16,0,0,31
66,2006,CC 2006 Index sites survey,7,16,0,0,52
67,2006,CC 2006 Index sites survey,7,15,2,0.133333333,50
68,2006,CC 2006 Index sites survey,7,16,3,0.1875,51
69,2007,QCI 2007 Index sites survey,2,16,2,0.125,40
70,2007,QCI 2007 Index sites survey,2,16,2,0.125,37
71,2007,QCI 2007 Index sites survey,2,16,1,0.0625,26
72,2007,QCI 2007 Index sites survey,2,16,0,0,37
73,2007,QCI 2007 Index sites survey,2,16,6,0.375,23
74,2007,QCI 2007 Index sites survey,2,16,2,0.125,25
75,2007,QCI 2007 Index sites survey,2,16,4,0.25,28
76,2007,QCI 2007 Index sites survey,2,16,1,0.0625,39
77,2007,QCI 2007 Index sites survey,2,16,1,0.0625,18
78,2007,QCI 2007 Index sites survey,2,16,1,0.0625,20
79,2007,QCI 2007 Index sites survey,2,16,5,0.3125,20
80,2007,QCI 2007 Index sites survey,2,16,0,0,30
81,2007,QCI 2007 Index sites survey,2,16,0,0,29
82,2007,QCI 2007 Index sites survey,2,16,7,0.4375,40
83,2007,QCI 2007 Index sites survey,2,16,0,0,23
84,2007,QCI 2007 Index sites survey,2,16,1,0.0625,17
85,2007,QCI 2007 Index sites survey,2,16,3,0.1875,19
86,2007,QCI 2007 Index sites survey,2,16,3,0.1875,45
87,2007,QCI 2007 Index sites survey,2,16,2,0.125,40
88,2007,QCI 2007 Index sites survey,2,16,5,0.3125,24
89,2007,QCI 2007 Index sites survey,2,16,2,0.125,49
90,2007,QCI 2007 Index sites survey,2,16,1,0.0625,37
91,2007,QCI 2007 Index sites survey,2,16,2,0.125,50
92,2007,QCI 2007 Index sites survey,2,16,0,0,23
93,2007,QCI 2007 Index sites survey,2,16,0,0,30
94,2007,QCI 2007 Index sites survey,2,16,2,0.125,35
95,2007,QCI 2007 Index sites survey,2,16,2,0.125,25
96,2007,QCI 2007 Index sites survey,2,16,0,0,29
97,2007,QCI 2007 Index sites survey,2,16,2,0.125,41
98,2007,QCI 2007 Index sites survey,2,16,0,0,48
99,2007,QCI 2007 Index sites survey,2,16,2,0.125,44
100,2007,QCI 2007 Index sites survey,2,16,2,0.125,29
101,2007,QCI 2007 Index sites survey,2,16,1,0.0625,42
102,2007,QCI 2007 Index sites survey,2,16,1,0.0625,16
103,2007,QCI 2007 Index sites survey,2,16,0,0,20
104,2007,QCI 2007 Index sites survey,2,16,5,0.3125,52
105,2007,QCI 2007 Index sites survey,2,16,3,0.1875,35
106,2007,QCI 2007 Index sites survey,2,16,1,0.0625,18
107,2007,QCI 2007 Index sites survey,2,16,1,0.0625,19
108,2007,QCI 2007 Index sites survey,2,16,1,0.0625,30
109,2007,QCI 2007 Index sites survey,2,16,6,0.375,21
110,2007,QCI 2007 Index sites survey,2,16,7,0.4375,15
111,2007,QCI 2007 Index sites survey,2,16,2,0.125,42
112,2007,QCI 2007 Index sites survey,2,16,5,0.3125,47
113,2007,QCI 2007 Index sites survey,2,16,0,0,18
114,2007,QCI 2007 Index sites survey,2,16,6,0.375,34
115,2007,QCI 2007 Index sites survey,2,16,1,0.0625,40
116,2007,QCI 2007 Index sites survey,2,16,1,0.0625,59
117,2007,QCI 2007 Index sites survey,2,16,1,0.0625,24
118,2007,QCI 2007 Index sites survey,2,16,0,0,44
119,2007,QCI 2007 Index sites survey,2,16,1,0.0625,23
120,2007,QCI 2007 Index sites survey,2,16,0,0,20
121,2007,QCI 2007 Index sites survey,2,16,1,0.0625,15
122,2007,QCI 2007 Index sites survey,2,16,0,0,13
123,2007,QCI 2007 Index sites survey,2,16,2,0.125,40
124,2007,QCI 2007 Index sites survey,2,16,0,0,19
125,2007,QCI 2007 Index sites survey,2,16,1,0.0625,55
126,2007,QCI 2007 Index sites survey,2,16,1,0.0625,30
127,2007,QCI 2007 Index sites survey,2,16,1,0.0625,38
128,2007,QCI 2007 Index sites survey,2,16,0,0,50
129,2007,QCI 2007 Index sites survey,2,16,2,0.125,24
130,2007,QCI 2007 Index sites survey,2,16,1,0.0625,37
131,2007,QCI 2007 Index sites survey,2,16,0,0,38
132,2007,QCI 2007 Index sites survey,2,16,0,0,23
133,2007,QCI 2007 Index sites survey,2,16,1,0.0625,20
134,2007,QCI 2007 Index sites survey,2,16,0,0,34
135,2007,QCI 2007 Index sites survey,2,16,9,0.5625,29
136,2007,QCI 2007 Index sites survey,2,16,1,0.0625,27
137,2007,QCI 2007 Index sites survey,2,16,1,0.0625,28
138,2007,QCI 2007 Index sites survey,2,16,3,0.1875,55
139,2007,QCI 2007 Index sites survey,2,16,0,0,35
140,2007,QCI 2007 Index sites survey,2,16,1,0.0625,54
141,2007,QCI 2007 Index sites survey,2,16,0,0,25
142,2007,QCI 2007 Index sites survey,2,16,0,0,19
143,2007,QCI 2007 Index sites survey,2,16,7,0.4375,49
144,2007,QCI 2007 Index sites survey,2,16,0,0,18
145,2007,QCI 2007 Index sites survey,2,16,0,0,18
146,2007,QCI 2007 Index sites survey,2,16,1,0.0625,26
147,2007,QCI 2007 Index sites survey,2,16,0,0,21
148,2007,QCI 2007 Index sites survey,2,16,1,0.0625,21
149,2007,QCI 2007 Index sites survey,2,16,4,0.25,54
150,2007,QCI 2007 Index sites survey,2,16,2,0.125,18
151,2008,WCQCI 2008 Index sites survey,2,16,3,0.1875,32
152,2008,WCQCI 2008 Index sites survey,2,12,1,0.083333333,28
153,2008,WCQCI 2008 Index sites survey,2,16,2,0.125,34
154,2008,WCQCI 2008 Index sites survey,2,16,0,0,47
155,2008,WCQCI 2008 Index sites survey,2,16,0,0,34
156,2008,WCQCI 2008 Index sites survey,2,12,1,0.083333333,28
157,2008,WCQCI 2008 Index sites survey,2,8,1,0.125,8
158,2008,WCQCI 2008 Index sites survey,2,16,0,0,39
159,2008,WCQCI 2008 Index sites survey,2,16,0,0,51
160,2008,WCQCI 2008 Index sites survey,2,16,0,0,38
161,2008,WCQCI 2008 Index sites survey,2,8,1,0.125,28
162,2008,WCQCI 2008 Index sites survey,2,16,2,0.125,70
163,2008,WCQCI 2008 Index sites survey,2,16,3,0.1875,36
164,2008,WCQCI 2008 Index sites survey,2,16,3,0.1875,18
165,2008,WCQCI 2008 Index sites survey,2,8,1,0.125,7
166,2008,WCQCI 2008 Index sites survey,2,8,1,0.125,7
167,2008,WCQCI 2008 Index sites survey,2,8,0,0,14
168,2008,WCQCI 2008 Index sites survey,2,16,0,0,21
169,2008,WCQCI 2008 Index sites survey,2,16,5,0.3125,46
170,2008,WCQCI 2008 Index sites survey,2,16,2,0.125,31
171,2008,WCQCI 2008 Index sites survey,2,16,1,0.0625,26
172,2008,WCQCI 2008 Index sites survey,2,16,0,0,57
173,2008,WCQCI 2008 Index sites survey,2,8,1,0.125,19
174,2008,WCQCI 2008 Index sites survey,2,8,0,0,10
175,2008,WCQCI 2008 Index sites survey,2,8,5,0.625,14
176,2008,WCQCI 2008 Index sites survey,2,16,0,0,60
177,2008,WCQCI 2008 Index sites survey,2,16,1,0.0625,53
178,2008,WCQCI 2008 Index sites survey,2,16,2,0.125,27
179,2008,WCQCI 2008 Index sites survey,2,16,2,0.125,36
180,2008,WCQCI 2008 Index sites survey,2,16,1,0.0625,20
181,2008,WCQCI 2008 Index sites survey,2,16,0,0,50
182,2008,WCQCI 2008 Index sites survey,2,8,0,0,16
183,2008,WCQCI 2008 Index sites survey,2,16,5,0.3125,3
184,2008,WCQCI 2008 Index sites survey,2,16,0,0,41
185,2008,WCQCI 2008 Index sites survey,2,16,1,0.0625,29
186,2008,WCQCI 2008 Index sites survey,2,16,1,0.0625,47
187,2008,WCQCI 2008 Index sites survey,2,16,2,0.125,24
188,2008,WCQCI 2008 Index sites survey,2,16,1,0.0625,41
189,2008,WCQCI 2008 Index sites survey,2,16,3,0.1875,40
190,2008,WCQCI 2008 Index sites survey,2,14,1,0.071428571,44
191,2008,WCQCI 2008 Index sites survey,2,16,1,0.0625,47
192,2008,WCQCI 2008 Index sites survey,2,8,0,0,14
193,2008,WCQCI 2008 Index sites survey,2,16,0,0,22
194,2008,WCVI 2008 Index sites Survey,27,16,5,0.3125,52
195,2008,WCVI 2008 Index sites survey,27,16,0,0,62
196,2008,WCVI 2008 Index sites Survey,27,16,0,0,94
197,2008,WCVI 2008 Index sites survey,27,8,1,0.125,11
198,2008,WCVI 2008 Index sites survey,27,8,0,0,24
199,2008,WCVI 2008 Index sites Survey,27,16,0,0,66
200,2008,WCVI 2008 Index sites Survey,27,16,3,0.1875,63
201,2008,WCVI 2008 Index sites survey,27,16,3,0.1875,49
202,2008,WCVI 2008 Index sites Survey,27,8,0,0,31
203,2008,WCVI 2008 Index sites survey,27,8,1,0.125,44
204,2008,WCVI 2008 Index sites survey,27,8,3,0.375,22
205,2008,WCVI 2008 Index sites survey,27,8,2,0.25,20
206,2008,WCVI 2008 Index sites Survey,27,16,0,0,61
207,2008,WCVI 2008 Index sites Survey,27,16,4,0.25,82
208,2008,WCVI 2008 Index sites survey,27,8,3,0.375,34
209,2008,WCVI 2008 Index sites Survey,27,16,0,0,50
210,2008,WCVI 2008 Index sites Survey,27,8,0,0,41
211,2008,WCVI 2008 Index sites survey,27,8,1,0.125,32
212,2008,WCVI 2008 Index sites Survey,27,16,3,0.1875,41
213,2008,WCVI 2008 Index sites survey,27,16,4,0.25,75
214,2008,WCVI 2008 Index sites Survey,27,16,2,0.125,57
215,2008,WCVI 2008 Index sites survey,27,8,1,0.125,29
216,2008,WCVI 2008 Index sites survey,27,8,0,0,25
217,2009,QC Strait 2009 Index Sites,11,8,2,0.25,30
218,2009,QC Strait 2009 Index Sites,11,8,1,0.125,29
219,2009,QC Strait 2009 Index Sites,11,16,0,0,55
220,2009,QC Strait 2009 Index Sites,11,8,3,0.375,25
221,2009,QC Strait 2009 Index Sites,11,8,0,0,25
222,2009,QC Strait 2009 Index Sites,11,16,2,0.125,50
223,2009,QC Strait 2009 Index Sites,11,8,0,0,25
224,2009,QC Strait 2009 Index Sites,11,16,1,0.0625,55
225,2009,QC Strait 2009 Index Sites,11,16,0,0,46
226,2009,QC Strait 2009 Index Sites,12,8,1,0.125,20
227,2009,QC Strait 2009 Index Sites,12,8,0,0,30
228,2009,QC Strait 2009 Index Sites,12,8,0,0,26
229,2009,QC Strait 2009 Index Sites,12,8,4,0.5,23
230,2009,QC Strait 2009 Index Sites,12,16,5,0.3125,30
231,2009,QC Strait 2009 Index Sites,12,8,0,0,23
232,2009,QC Strait 2009 Index Sites,12,8,0,0,26
233,2009,QC Strait 2009 Index Sites,12,8,0,0,15
234,2009,QC Strait 2009 Index Sites,12,16,1,0.0625,50
235,2009,QC Strait 2009 Index Sites,12,16,1,0.0625,59
236,2009,QC Strait 2009 Index Sites,12,9,1,0.111111111,50
237,2009,QC Strait 2009 Index Sites,12,16,0,0,38
238,2009,QC Strait 2009 Index Sites,12,16,1,0.0625,29
239,2009,QC Strait 2009 Index Sites,12,16,1,0.0625,32
240,2009,QC Strait 2009 Index Sites,12,16,0,0,48
241,2009,QC Strait 2009 Index Sites,12,16,0,0,37
242,2009,QC Strait 2009 Index Sites,12,16,2,0.125,72
243,2009,QC Strait 2009 Index Sites,12,8,0,0,23
244,2009,QC Strait 2009 Index Sites,12,8,0,0,20
245,2009,QC Strait 2009 Index Sites,12,8,0,0,20
246,2009,QC Strait 2009 Index Sites,12,8,4,0.5,38
247,2009,QC Strait 2009 Index Sites,12,16,0,0,43
248,2009,QC Strait 2009 Index Sites,12,15,0,0,58
249,2009,QC Strait 2009 Index Sites,12,16,0,0,65
250,2009,QC Strait 2009 Index Sites,12,16,0,0,40
251,2009,Georgia Strait 2009 Index Site Survey,13,16,8,0.5,50
252,2009,Georgia Strait 2009 Index Site Survey,13,8,6,0.75,22
253,2009,Georgia Strait 2009 Index Site Survey,13,16,10,0.625,33
254,2009,Georgia Strait 2009 Index Site Survey,14,8,2,0.25,25
255,2009,Georgia Strait 2009 Index Site Survey,14,8,2,0.25,18
256,2009,Georgia Strait 2009 Index Site Survey,14,8,8,1,17
257,2009,Georgia Strait 2009 Index Site Survey,14,8,2,0.25,31
258,2009,Georgia Strait 2009 Index Site Survey,15,8,0,0,9
259,2009,Georgia Strait 2009 Index Site Survey,15,16,0,0,38
260,2009,Georgia Strait 2009 Index Site Survey,15,8,0,0,10
261,2009,Georgia Strait 2009 Index Site Survey,15,16,0,0,40
262,2009,Georgia Strait 2009 Index Site Survey,15,8,1,0.125,13
263,2009,Georgia Strait 2009 Index Site Survey,15,8,2,0.25,15
264,2009,Georgia Strait 2009 Index Site Survey,15,8,4,0.5,13
265,2009,Georgia Strait 2009 Index Site Survey,15,8,0,0,16
266,2009,Georgia Strait 2009 Index Site Survey,15,8,3,0.375,21
267,2009,Georgia Strait 2009 Index Site Survey,15,8,20,2.5,17
268,2009,Georgia Strait 2009 Index Site Survey,15,8,1,0.125,21
269,2009,Georgia Strait 2009 Index Site Survey,15,8,3,0.375,16
270,2009,Georgia Strait 2009 Index Site Survey,16,8,6,0.75,15
271,2009,Georgia Strait 2009 Index Site Survey,16,8,0,0,15
272,2009,Georgia Strait 2009 Index Site Survey,16,8,6,0.75,14
273,2009,Georgia Strait 2009 Index Site Survey,16,8,5,0.625,11
274,2009,Georgia Strait 2009 Index Site Survey,16,8,1,0.125,15
275,2009,Georgia Strait 2009 Index Site Survey,16,16,1,0.0625,21
276,2009,Georgia Strait 2009 Index Site Survey,16,8,0,0,15
277,2009,Georgia Strait 2009 Index Site Survey,16,8,1,0.125,14
278,2009,Georgia Strait 2009 Index Site Survey,16,8,4,0.5,13
279,2009,Georgia Strait 2009 Index Site Survey,16,8,6,0.75,24
280,2009,Georgia Strait 2009 Index Site Survey,16,8,0,0,14
281,2011,CC 2011 Index sites survey,5,16,4,0.25,32
282,2011,CC 2011 Index sites survey,5,16,2,0.125,44
283,2011,CC 2011 Index sites survey,5,16,14,0.875,80
284,2011,CC 2011 Index sites survey,5,16,4,0.25,73
285,2011,CC 2011 Index sites survey,5,16,17,1.0625,60
286,2011,CC 2011 Index sites survey,5,16,0,0,60
287,2011,CC 2011 Index sites survey,5,16,1,0.0625,68
288,2011,CC 2011 Index sites survey,5,16,2,0.125,60
289,2011,CC 2011 Index sites survey,5,16,6,0.375,54
290,2011,CC 2011 Index sites survey,5,16,2,0.125,43
291,2011,CC 2011 Index sites survey,6,16,3,0.1875,83
292,2011,CC 2011 Index sites survey,6,16,8,0.5,57
293,2011,CC 2011 Index sites survey,6,16,2,0.125,33
294,2011,CC 2011 Index sites survey,6,16,5,0.3125,40
295,2011,CC 2011 Index sites survey,6,16,3,0.1875,42
296,2011,CC 2011 Index sites survey,6,16,4,0.25,37
297,2011,CC 2011 Index sites survey,6,16,2,0.125,51
298,2011,CC 2011 Index sites survey,6,16,7,0.4375,49
299,2011,CC 2011 Index sites survey,6,16,3,0.1875,57
300,2011,CC 2011 Index sites survey,6,16,5,0.3125,53
301,2011,CC 2011 Index sites survey,6,16,0,0,59
302,2011,CC 2011 Index sites survey,6,16,1,0.0625,56
303,2011,CC 2011 Index sites survey,6,16,0,0,61
304,2011,CC 2011 Index sites survey,6,16,4,0.25,52
305,2011,CC 2011 Index sites survey,6,16,2,0.125,30
306,2011,CC 2011 Index sites survey,6,16,0,0,46
307,2011,CC 2011 Index sites survey,6,16,4,0.25,60
308,2011,CC 2011 Index sites survey,6,16,0,0,74
309,2011,CC 2011 Index sites survey,6,16,3,0.1875,51
310,2011,CC 2011 Index sites survey,6,16,3,0.1875,69
311,2011,CC 2011 Index sites survey,6,16,2,0.125,65
312,2011,CC 2011 Index sites survey,6,8,1,0.125,30
313,2011,CC 2011 Index sites survey,6,16,8,0.5,63
314,2011,CC 2011 Index sites survey,6,16,1,0.0625,39
315,2011,CC 2011 Index sites survey,6,16,2,0.125,52
316,2011,CC 2011 Index sites survey,6,16,3,0.1875,55
317,2011,CC 2011 Index sites survey,6,16,2,0.125,47
318,2011,CC 2011 Index sites survey,6,16,2,0.125,37
319,2011,CC 2011 Index sites survey,6,16,2,0.125,44
320,2011,CC 2011 Index sites survey,6,16,1,0.0625,46
321,2011,CC 2011 Index sites survey,6,16,5,0.3125,50
322,2011,CC 2011 Index sites survey,6,16,0,0,34
323,2011,CC 2011 Index sites survey,6,16,6,0.375,89
324,2011,CC 2011 Index sites survey,6,16,4,0.25,53
325,2011,CC 2011 Index sites survey,6,16,4,0.25,58
326,2011,CC 2011 Index sites survey,6,16,2,0.125,34
327,2011,CC 2011 Index sites survey,6,16,3,0.1875,38
328,2011,CC 2011 Index sites survey,6,16,2,0.125,54
329,2011,CC 2011 Index sites survey,6,16,0,0,26
330,2011,CC 2011 Index sites survey,6,16,0,0,24
331,2011,CC 2011 Index sites survey,6,16,8,0.5,60
332,2011,CC 2011 Index sites survey,6,16,1,0.0625,36
333,2011,CC 2011 Index sites survey,7,16,3,0.1875,79
334,2011,CC 2011 Index sites survey,7,12,3,0.25,88
335,2011,CC 2011 Index sites survey,7,16,2,0.125,78
336,2011,CC 2011 Index sites survey,7,16,4,0.25,76
337,2011,CC 2011 Index sites survey,7,16,0,0,59
338,2011,CC 2011 Index sites survey,7,16,5,0.3125,44
339,2011,CC 2011 Index sites survey,7,16,2,0.125,80
340,2011,CC 2011 Index sites survey,7,16,2,0.125,65
341,2011,CC 2011 Index sites survey,7,16,1,0.0625,66
342,2011,CC 2011 Index sites survey,7,16,4,0.25,92
343,2011,CC 2011 Index sites survey,7,16,2,0.125,77
344,2011,CC 2011 Index sites survey,7,16,6,0.375,95
345,2011,CC 2011 Index sites survey,7,16,1,0.0625,79
346,2011,CC 2011 Index sites survey,7,12,1,0.083333333,93
347,2011,CC 2011 Index sites survey,7,16,0,0,88
348,2011,CC 2011 Index sites survey,7,16,6,0.375,91
349,2011,CC 2011 Index sites survey,7,16,5,0.3125,52
350,2011,CC 2011 Index sites survey,7,16,1,0.0625,27
351,2011,CC 2011 Index sites survey,7,16,0,0,55
352,2011,CC 2011 Index sites survey,7,16,5,0.3125,50
353,2011,CC 2011 Index sites survey,7,16,1,0.0625,70
354,2011,CC 2011 Index sites survey,7,16,6,0.375,66
355,2011,CC 2011 Index sites survey,7,16,3,0.1875,72
356,2011,CC 2011 Index sites survey,7,16,2,0.125,84
357,2012,QCI 2012 Index sites survey,2,16,1,0.0625,75
358,2012,QCI 2012 Index sites survey,2,16,1,0.0625,67
359,2012,QCI 2012 Index sites survey,2,16,0,0,61
360,2012,QCI 2012 Index sites survey,2,16,0,0,67
361,2012,QCI 2012 Index sites survey,2,16,0,0,66
362,2012,QCI 2012 Index sites survey,2,16,0,0,63
363,2012,QCI 2012 Index sites survey,2,16,0,0,24
364,2012,QCI 2012 Index sites survey,2,16,1,0.0625,49
365,2012,QCI 2012 Index sites survey,2,16,0,0,49
366,2012,QCI 2012 Index sites survey,2,16,5,0.3125,31
367,2012,QCI 2012 Index sites survey,2,16,2,0.125,29
368,2012,QCI 2012 Index sites survey,2,16,5,0.3125,52
369,2012,QCI 2012 Index sites survey,2,16,0,0,64
370,2012,QCI 2012 Index sites survey,2,16,2,0.125,37
371,2012,QCI 2012 Index sites survey,2,16,3,0.1875,88
372,2012,QCI 2012 Index sites survey,2,16,0,0,47
373,2012,QCI 2012 Index sites survey,2,16,0,0,64
374,2012,QCI 2012 Index sites survey,2,16,6,0.375,83
375,2012,QCI 2012 Index sites survey,2,16,0,0,51
376,2012,QCI 2012 Index sites survey,2,16,1,0.0625,32
377,2012,QCI 2012 Index sites survey,2,16,0,0,50
378,2012,QCI 2012 Index sites survey,2,16,10,0.625,41
379,2012,QCI 2012 Index sites survey,2,16,6,0.375,39
380,2012,QCI 2012 Index sites survey,2,16,0,0,40
381,2012,QCI 2012 Index sites survey,2,16,1,0.0625,36
382,2012,QCI 2012 Index sites survey,2,16,3,0.1875,32
383,2012,QCI 2012 Index sites survey,2,16,1,0.0625,69
384,2012,QCI 2012 Index sites survey,2,16,1,0.0625,30
385,2012,QCI 2012 Index sites survey,2,16,6,0.375,47
386,2012,QCI 2012 Index sites survey,2,16,0,0,39
387,2012,QCI 2012 Index sites survey,2,16,0,0,48
388,2012,QCI 2012 Index sites survey,2,16,0,0,72
389,2012,QCI 2012 Index sites survey,2,16,4,0.25,43
390,2012,QCI 2012 Index sites survey,2,16,1,0.0625,41
391,2012,QCI 2012 Index sites survey,2,16,2,0.125,50
392,2012,QCI 2012 Index sites survey,2,16,1,0.0625,80
393,2012,QCI 2012 Index sites survey,2,16,2,0.125,32
394,2012,QCI 2012 Index sites survey,2,16,1,0.0625,25
395,2012,QCI 2012 Index sites survey,2,16,2,0.125,46
396,2012,QCI 2012 Index sites survey,2,16,2,0.125,65
397,2012,QCI 2012 Index sites survey,2,16,0,0,41
398,2012,QCI 2012 Index sites survey,2,16,0,0,51
399,2012,QCI 2012 Index sites survey,2,16,0,0,37
400,2012,QCI 2012 Index sites survey,2,16,2,0.125,57
401,2012,QCI 2012 Index sites survey,2,16,11,0.6875,60
402,2012,QCI 2012 Index sites survey,2,16,3,0.1875,77
403,2012,QCI 2012 Index sites survey,2,16,1,0.0625,54
404,2012,QCI 2012 Index sites survey,2,16,2,0.125,71
405,2012,QCI 2012 Index sites survey,2,16,2,0.125,65
406,2012,QCI 2012 Index sites survey,2,16,6,0.375,48
407,2012,QCI 2012 Index sites survey,2,16,1,0.0625,50
408,2012,QCI 2012 Index sites survey,2,16,1,0.0625,55
409,2012,QCI 2012 Index sites survey,2,16,1,0.0625,44
410,2012,QCI 2012 Index sites survey,2,16,0,0,42
411,2012,QCI 2012 Index sites survey,2,16,0,0,37
412,2012,QCI 2012 Index sites survey,2,16,0,0,25
413,2012,QCI 2012 Index sites survey,2,16,0,0,34
414,2012,QCI 2012 Index sites survey,2,16,0,0,40
415,2012,QCI 2012 Index sites survey,2,16,3,0.1875,68
416,2012,QCI 2012 Index sites survey,2,16,4,0.25,46
417,2012,QCI 2012 Index sites survey,2,16,3,0.1875,70
418,2012,QCI 2012 Index sites survey,2,16,0,0,56
419,2012,QCI 2012 Index sites survey,2,16,5,0.3125,71
420,2012,QCI 2012 Index sites survey,2,16,1,0.0625,50
421,2012,QCI 2012 Index sites survey,2,16,1,0.0625,51
422,2012,QCI 2012 Index sites survey,2,16,3,0.1875,43
423,2012,QCI 2012 Index sites survey,2,16,0,0,44
424,2012,QCI 2012 Index sites survey,2,16,2,0.125,35
425,2012,QCI 2012 Index sites survey,2,16,1,0.0625,30
426,2012,QCI 2012 Index sites survey,2,16,0,0,40
427,2012,QCI 2012 Index sites survey,2,16,1,0.0625,40
428,2012,QCI 2012 Index sites survey,2,16,0,0,47
429,2012,QCI 2012 Index sites survey,2,16,4,0.25,51
430,2012,QCI 2012 Index sites survey,2,16,3,0.1875,65
431,2012,QCI 2012 Index sites survey,2,16,0,0,44
432,2012,QCI 2012 Index sites survey,2,16,3,0.1875,30
433,2012,QCI 2012 Index sites survey,2,16,0,0,42
434,2012,QCI 2012 Index sites survey,2,16,0,0,34
435,2012,QCI 2012 Index sites survey,2,16,1,0.0625,56
436,2012,QCI 2012 Index sites survey,2,16,3,0.1875,43
437,2012,QCI 2012 Index sites survey,2,16,4,0.25,42
438,2012,QCI 2012 Index sites survey,2,16,3,0.1875,30
439,2012,QCI 2012 Index sites survey,2,16,1,0.0625,50
440,2012,QCI 2012 Index sites survey,2,16,6,0.375,40
441,2013,WCHG 2013 Index Sites Survey,2,16,0,0,75
442,2013,WCHG 2013 Index Sites Survey,2,16,2,0.125,59
443,2013,WCHG 2013 Index Sites Survey,2,16,1,0.0625,49
444,2013,WCHG 2013 Index Sites Survey,2,16,2,0.125,51
445,2013,WCHG 2013 Index Sites Survey,2,8,6,0.75,21
446,2013,WCHG 2013 Index Sites Survey,2,16,2,0.125,62
447,2013,WCHG 2013 Index Sites Survey,2,8,0,0,20
448,2013,WCHG 2013 Index Sites Survey,2,16,4,0.25,47
449,2013,WCHG 2013 Index Sites Survey,2,16,0,0,77
450,2013,WCHG 2013 Index Sites Survey,2,16,7,0.4375,71
451,2013,WCHG 2013 Index Sites Survey,2,16,1,0.0625,85
452,2013,WCHG 2013 Index Sites Survey,2,16,1,0.0625,50
453,2013,WCHG 2013 Index Sites Survey,2,16,2,0.125,66
454,2013,WCHG 2013 Index Sites Survey,2,16,0,0,56
455,2013,WCHG 2013 Index Sites Survey,2,16,0,0,55
456,2013,WCHG 2013 Index Sites Survey,2,16,0,0,64
457,2013,WCHG 2013 Index Sites Survey,2,16,1,0.0625,52
458,2013,WCHG 2013 Index Sites Survey,2,16,1,0.0625,39
459,2013,WCHG 2013 Index Sites Survey,2,16,1,0.0625,75
460,2013,WCHG 2013 Index Sites Survey,2,16,1,0.0625,51
461,2013,WCHG 2013 Index Sites Survey,2,16,0,0,71
462,2013,WCHG 2013 Index Sites Survey,2,16,0,0,54
463,2013,WCHG 2013 Index Sites Survey,2,16,0,0,79
464,2013,WCHG 2013 Index Sites Survey,2,8,0,0,23
465,2013,WCHG 2013 Index Sites Survey,2,16,1,0.0625,37
466,2013,WCHG 2013 Index Sites Survey,2,16,1,0.0625,90
467,2013,WCHG 2013 Index Sites Survey,2,16,1,0.0625,36
468,2013,WCHG 2013 Index Sites Survey,2,16,4,0.25,33
469,2013,WCHG 2013 Index Sites Survey,2,16,0,0,47
470,2013,WCHG 2013 Index Sites Survey,2,16,1,0.0625,90
471,2013,WCHG 2013 Index Sites Survey,2,16,5,0.3125,79
472,2013,WCHG 2013 Index Sites Survey,2,16,0,0,54
473,2013,WCHG 2013 Index Sites Survey,2,16,1,0.0625,79
474,2013,WCHG 2013 Index Sites Survey,2,16,2,0.125,93
475,2013,WCHG 2013 Index Sites Survey,2,16,0,0,55
476,2013,WCHG 2013 Index Sites Survey,2,16,2,0.125,57
477,2013,WCHG 2013 Index Sites Survey,2,16,1,0.0625,53
478,2013,WCHG 2013 Index Sites Survey,2,16,0,0,72
479,2013,WCHG 2013 Index Sites Survey,2,16,6,0.375,69
480,2013,WCHG 2013 Index Sites Survey,2,16,1,0.0625,61
481,2013,WCHG 2013 Index Sites Survey,2,16,0,0,61
482,2013,WCHG 2013 Index Sites Survey,2,16,2,0.125,71
483,2013,WCHG 2013 Index Sites Survey,2,16,1,0.0625,49
484,2013,WCHG 2013 Index Sites Survey,2,16,1,0.0625,35
485,2013,WCHG 2013 Index Sites Survey,2,16,0,0,78
486,2013,WCHG 2013 Index Sites Survey,2,16,1,0.0625,38
487,2013,WCHG 2013 Index Sites Survey,2,16,2,0.125,52
488,2013,WCHG 2013 Index Sites Survey,2,16,0,0,56
489,2013,WCHG 2013 Index Sites Survey,2,16,0,0,71
490,2013,WCVI 2013 Index Sites Survey,26,8,3,0.375,29
491,2013,WCVI 2013 Index Sites Survey,26,16,5,0.3125,76
492,2013,WCVI 2013 Index Sites Survey,26,16,5,0.3125,43
493,2013,WCVI 2013 Index Sites Survey,26,8,2,0.25,42
494,2013,WCVI 2013 Index Sites Survey,26,16,0,0,65
495,2013,WCVI 2013 Index Sites Survey,26,8,2,0.25,56
496,2013,WCVI 2013 Index Sites Survey,26,16,2,0.125,58
497,2013,WCVI 2013 Index Sites Survey,26,8,0,0,28
498,2013,WCVI 2013 Index Sites Survey,26,16,5,0.3125,76
499,2013,WCVI 2013 Index Sites Survey,26,16,0,0,55
500,2013,WCVI 2013 Index Sites Survey,26,8,2,0.25,27
501,2013,WCVI 2013 Index Sites Survey,26,16,2,0.125,67
502,2013,WCVI 2013 Index Sites Survey,26,8,2,0.25,31
503,2013,WCVI 2013 Index Sites Survey,26,16,1,0.0625,70
504,2013,WCVI 2013 Index Sites Survey,26,8,3,0.375,22
505,2013,WCVI 2013 Index Sites Survey,26,16,3,0.1875,65
506,2013,WCVI 2013 Index Sites Survey,26,16,3,0.1875,91
507,2013,WCVI 2013 Index Sites Survey,26,8,2,0.25,20
508,2013,WCVI 2013 Index Sites Survey,26,16,4,0.25,74
509,2013,WCVI 2013 Index Sites Survey,26,16,1,0.0625,64
510,2013,WCVI 2013 Index Sites Survey,26,16,0,0,56
511,2013,WCVI 2013 Index Sites Survey,26,16,1,0.0625,84
512,2013,WCVI 2013 Index Sites Survey,26,8,2,0.25,30
513,2013,WCVI 2013 Index Sites Survey,26,16,3,0.1875,64
514,2013,WCVI 2013 Index Sites Survey,26,16,0,0,80
515,2013,WCVI 2013 Index Sites Survey,26,16,4,0.25,84
516,2013,WCVI 2013 Index Sites Survey,26,16,0,0,69
517,2013,WCVI 2013 Index Sites Survey,26,16,1,0.0625,74
518,2013,WCVI 2013 Index Sites Survey,27,8,1,0.125,33
519,2013,WCVI 2013 Index Sites Survey,27,16,3,0.1875,43
520,2013,WCVI 2013 Index Sites Survey,27,16,1,0.0625,78
521,2013,WCVI 2013 Index Sites Survey,27,16,0,0,52
522,2013,WCVI 2013 Index Sites Survey,27,16,3,0.1875,48
523,2013,WCVI 2013 Index Sites Survey,27,8,0,0,21
524,2013,WCVI 2013 Index Sites Survey,27,16,1,0.0625,51
525,2013,WCVI 2013 Index Sites Survey,27,16,8,0.5,57
526,2013,WCVI 2013 Index Sites Survey,27,8,0,0,39
527,2013,WCVI 2013 Index Sites Survey,27,16,0,0,52
528,2013,WCVI 2013 Index Sites Survey,27,8,2,0.25,32
529,2013,WCVI 2013 Index Sites Survey,27,16,4,0.25,60
530,2013,WCVI 2013 Index Sites Survey,27,8,2,0.25,31
531,2013,WCVI 2013 Index Sites Survey,27,7,2,0.285714286,29
532,2013,WCVI 2013 Index Sites Survey,27,16,1,0.0625,66
533,2013,WCVI 2013 Index Sites Survey,27,8,1,0.125,45
534,2013,WCVI 2013 Index Sites Survey,27,8,1,0.125,49
535,2013,WCVI 2013 Index Sites Survey,27,16,2,0.125,72
536,2013,WCVI 2013 Index Sites Survey,27,8,1,0.125,32
537,2013,WCVI 2013 Index Sites Survey,27,8,3,0.375,43
538,2013,WCVI 2013 Index Sites Survey,27,16,4,0.25,63
539,2013,WCVI 2013 Index Sites Survey,27,16,4,0.25,57
540,2013,WCVI 2013 Index Sites Survey,27,8,3,0.375,27
541,2013,WCVI 2013 Index Sites Survey,27,16,3,0.1875,72
542,2013,WCVI 2013 Index Sites Survey,27,16,1,0.0625,58
543,2013,WCVI 2013 Index Sites Survey,27,16,1,0.0625,78
544,2013,WCVI 2013 Index Sites Survey,27,16,3,0.1875,52
545,2013,WCVI 2013 Index Sites Survey,27,8,0,0,27
546,2013,WCVI 2013 Index Sites Survey,27,16,1,0.0625,89
547,2013,WCVI 2013 Index Sites Survey,27,8,0,0,34
548,2013,WCVI 2013 Index Sites Survey,27,16,1,0.0625,76
549,2013,WCVI 2013 Index Sites Survey,27,16,3,0.1875,82
550,2013,WCVI 2013 Index Sites Survey,27,16,1,0.0625,75
551,2013,WCVI 2013 Index Sites Survey,27,16,1,0.0625,71
552,2014,QC Strait 2014 Index Sites,11,16,0,0,64
553,2014,QC Strait 2014 Index Sites,11,16,2,0.125,72
554,2014,QC Strait 2014 Index Sites,11,2,0,0,14
555,2014,QC Strait 2014 Index Sites,11,16,0,0,53
556,2014,QC Strait 2014 Index Sites,11,16,3,0.1875,41
557,2014,QC Strait 2014 Index Sites,11,16,0,0,72
558,2014,QC Strait 2014 Index Sites,11,8,0,0,39
559,2014,QC Strait 2014 Index Sites,11,12,1,0.083333333,53
560,2014,QC Strait 2014 Index Sites,12,16,2,0.125,82
561,2014,QC Strait 2014 Index Sites,12,16,2,0.125,83
562,2014,QC Strait 2014 Index Sites,12,16,9,0.5625,87
563,2014,QC Strait 2014 Index Sites,12,16,4,0.25,110
564,2014,QC Strait 2014 Index Sites,12,16,3,0.1875,83
565,2014,QC Strait 2014 Index Sites,12,16,6,0.375,69
566,2014,QC Strait 2014 Index Sites,12,12,0,0,77
567,2014,QC Strait 2014 Index Sites,12,16,0,0,78
568,2014,QC Strait 2014 Index Sites,12,16,5,0.3125,50
569,2014,QC Strait 2014 Index Sites,12,14,1,0.071428571,65
570,2014,QC Strait 2014 Index Sites,12,16,4,0.25,86
571,2014,QC Strait 2014 Index Sites,12,16,2,0.125,49
572,2014,QC Strait 2014 Index Sites,12,16,1,0.0625,67
573,2014,QC Strait 2014 Index Sites,12,16,4,0.25,47
574,2014,QC Strait 2014 Index Sites,12,16,4,0.25,50
575,2014,QC Strait 2014 Index Sites,12,16,2,0.125,80
576,2014,QC Strait 2014 Index Sites,12,16,0,0,52
577,2014,QC Strait 2014 Index Sites,12,16,2,0.125,73
578,2014,QC Strait 2014 Index Sites,12,16,5,0.3125,78
579,2014,QC Strait 2014 Index Sites,12,16,5,0.3125,80
580,2014,QC Strait 2014 Index Sites,12,12,0,0,71
581,2014,QC Strait 2014 Index Sites,12,14,0,0,71
582,2014,QC Strait 2014 Index Sites,12,16,8,0.5,55
583,2014,QC Strait 2014 Index Sites,12,16,4,0.25,46
584,2014,QC Strait 2014 Index Sites,12,16,3,0.1875,46
585,2014,QC Strait 2014 Index Sites,12,16,6,0.375,46
586,2014,QC Strait 2014 Index Sites,12,16,2,0.125,40
587,2014,QC Strait 2014 Index Sites,12,16,0,0,63
588,2014,QC Strait 2014 Index Sites,12,16,0,0,54
589,2014,QC Strait 2014 Index Sites,12,16,7,0.4375,46
590,2014,QC Strait 2014 Index Sites,12,16,3,0.1875,73
591,2016,CC 2016 Index Sites survey,5,16,1,0.0625,46
592,2016,CC 2016 Index Sites survey,5,16,0,0,33
593,2016,CC 2016 Index Sites survey,5,16,0,0,61
594,2016,CC 2016 Index Sites survey,5,16,0,0,79
595,2016,CC 2016 Index Sites survey,5,16,0,0,43
596,2016,CC 2016 Index Sites survey,5,16,0,0,51
597,2016,CC 2016 Index Sites survey,5,16,0,0,88
598,2016,CC 2016 Index Sites survey,5,16,1,0.0625,46
599,2016,CC 2016 Index Sites survey,5,16,0,0,70
600,2016,CC 2016 Index Sites survey,5,16,1,0.0625,82
601,2016,CC 2016 Index Sites survey,6,16,0,0,37
602,2016,CC 2016 Index Sites survey,6,16,0,0,64
603,2016,CC 2016 Index Sites survey,6,16,0,0,40
604,2016,CC 2016 Index Sites survey,6,16,0,0,36
605,2016,CC 2016 Index Sites survey,6,16,0,0,53
606,2016,CC 2016 Index Sites survey,6,16,2,0.125,64
607,2016,CC 2016 Index Sites survey,6,16,0,0,80
608,2016,CC 2016 Index Sites survey,6,16,0,0,42
609,2016,CC 2016 Index Sites survey,6,16,1,0.0625,65
610,2016,CC 2016 Index Sites survey,6,16,0,0,37
611,2016,CC 2016 Index Sites survey,6,16,0,0,46
612,2016,CC 2016 Index Sites survey,6,16,0,0,109
613,2016,CC 2016 Index Sites survey,6,16,0,0,56
614,2016,CC 2016 Index Sites survey,6,16,1,0.0625,75
615,2016,CC 2016 Index Sites survey,6,16,0,0,45
616,2016,CC 2016 Index Sites survey,6,16,0,0,53
617,2016,CC 2016 Index Sites survey,6,16,11,0.6875,75
618,2016,CC 2016 Index Sites survey,6,16,0,0,70
619,2016,CC 2016 Index Sites survey,6,16,0,0,23
620,2016,CC 2016 Index Sites survey,6,16,1,0.0625,60
621,2016,CC 2016 Index Sites survey,6,16,0,0,72
622,2016,CC 2016 Index Sites survey,6,16,0,0,65
623,2016,CC 2016 Index Sites survey,6,16,0,0,48
624,2016,CC 2016 Index Sites survey,6,16,0,0,43
625,2016,CC 2016 Index Sites survey,6,16,0,0,69
626,2016,CC 2016 Index Sites survey,6,16,0,0,55
627,2016,CC 2016 Index Sites survey,6,16,0,0,72
628,2016,CC 2016 Index Sites survey,6,16,0,0,39
629,2016,CC 2016 Index Sites survey,6,16,0,0,55
630,2016,CC 2016 Index Sites survey,6,16,0,0,46
631,2016,CC 2016 Index Sites survey,6,16,0,0,42
632,2016,CC 2016 Index Sites survey,6,16,0,0,45
633,2016,CC 2016 Index Sites survey,6,16,0,0,44
634,2016,CC 2016 Index Sites survey,6,16,2,0.125,58
635,2016,CC 2016 Index Sites survey,6,16,0,0,59
636,2016,CC 2016 Index Sites survey,6,16,0,0,49
637,2016,CC 2016 Index Sites survey,6,16,5,0.3125,53
638,2016,CC 2016 Index Sites survey,6,16,0,0,69
639,2016,CC 2016 Index Sites survey,6,16,0,0,45
640,2016,CC 2016 Index Sites survey,6,16,0,0,41
641,2016,CC 2016 Index Sites survey,6,16,0,0,47
642,2016,CC 2016 Index Sites survey,6,16,1,0.0625,82
643,2016,CC 2016 Index Sites survey,6,16,0,0,52
644,2016,CC 2016 Index Sites survey,6,16,0,0,65
645,2016,CC 2016 Index Sites survey,6,16,0,0,42
646,2016,CC 2016 Index Sites survey,7,16,0,0,118
647,2016,CC 2016 Index Sites survey,7,16,0,0,64
648,2016,CC 2016 Index Sites survey,7,16,0,0,72
649,2016,CC 2016 Index Sites survey,7,16,0,0,75
650,2016,CC 2016 Index Sites survey,7,16,0,0,61
651,2016,CC 2016 Index Sites survey,7,16,0,0,74
652,2016,CC 2016 Index Sites survey,7,16,0,0,85
653,2016,CC 2016 Index Sites survey,7,16,0,0,50
654,2016,CC 2016 Index Sites survey,7,16,0,0,112
655,2016,CC 2016 Index Sites survey,7,16,0,0,85
656,2016,CC 2016 Index Sites survey,7,16,2,0.125,105
657,2016,CC 2016 Index Sites survey,7,16,0,0,50
658,2016,CC 2016 Index Sites survey,7,16,0,0,69
659,2016,CC 2016 Index Sites survey,7,16,0,0,76
660,2016,CC 2016 Index Sites survey,7,16,6,0.375,64
661,2016,CC 2016 Index Sites survey,7,16,0,0,66
662,2016,CC 2016 Index Sites survey,7,16,0,0,76
663,2016,CC 2016 Index Sites survey,7,16,0,0,75
664,2016,CC 2016 Index Sites survey,7,16,0,0,46
665,2016,CC 2016 Index Sites survey,7,16,4,0.25,77
666,2016,CC 2016 Index Sites survey,7,16,0,0,69
667,2016,CC 2016 Index Sites survey,7,16,1,0.0625,50
668,2016,CC 2016 Index Sites survey,7,16,0,0,66
669,2016,CC 2016 Index Sites survey,7,16,0,0,72
670,2017,QCI 2017 Index Sites survey,2,16,0,0,84
671,2017,QCI 2017 Index Sites survey,2,16,0,0,86
672,2017,QCI 2017 Index Sites survey,2,16,1,0.0625,47
673,2017,QCI 2017 Index Sites survey,2,16,0,0,58
674,2017,QCI 2017 Index Sites survey,2,16,0,0,41
675,2017,QCI 2017 Index Sites survey,2,16,0,0,47
676,2017,QCI 2017 Index Sites survey,2,16,0,0,74
677,2017,QCI 2017 Index Sites survey,2,16,0,0,44
678,2017,QCI 2017 Index Sites survey,2,16,0,0,66
679,2017,QCI 2017 Index Sites survey,2,16,1,0.0625,75
680,2017,QCI 2017 Index Sites survey,2,16,0,0,79
681,2017,QCI 2017 Index Sites survey,2,16,0,0,63
682,2017,QCI 2017 Index Sites survey,2,16,0,0,53
683,2017,QCI 2017 Index Sites survey,2,16,0,0,81
684,2017,QCI 2017 Index Sites survey,2,16,0,0,51
685,2017,QCI 2017 Index Sites survey,2,16,0,0,96
686,2017,QCI 2017 Index Sites survey,2,16,0,0,51
687,2017,QCI 2017 Index Sites survey,2,16,0,0,47
688,2017,QCI 2017 Index Sites survey,2,16,0,0,54
689,2017,QCI 2017 Index Sites survey,2,16,0,0,75
690,2017,QCI 2017 Index Sites survey,2,16,1,0.0625,72
691,2017,QCI 2017 Index Sites survey,2,16,0,0,50
692,2017,QCI 2017 Index Sites survey,2,16,0,0,47
693,2017,QCI 2017 Index Sites survey,2,16,0,0,61
694,2017,QCI 2017 Index Sites survey,2,16,0,0,54
695,2017,QCI 2017 Index Sites survey,2,16,0,0,37
696,2017,QCI 2017 Index Sites survey,2,16,0,0,89
697,2017,QCI 2017 Index Sites survey,2,16,0,0,45
698,2017,QCI 2017 Index Sites survey,2,16,0,0,59
699,2017,QCI 2017 Index Sites survey,2,16,0,0,76
700,2017,QCI 2017 Index Sites survey,2,16,0,0,60
701,2017,QCI 2017 Index Sites survey,2,16,0,0,53
702,2017,QCI 2017 Index Sites survey,2,16,0,0,73
703,2017,QCI 2017 Index Sites survey,2,16,0,0,65
704,2017,QCI 2017 Index Sites survey,2,16,0,0,39
705,2017,QCI 2017 Index Sites survey,2,16,0,0,67
706,2017,QCI 2017 Index Sites survey,2,16,0,0,83
707,2017,QCI 2017 Index Sites survey,2,16,0,0,42
708,2017,QCI 2017 Index Sites survey,2,16,0,0,56
709,2017,QCI 2017 Index Sites survey,2,16,0,0,71
710,2017,QCI 2017 Index Sites survey,2,16,0,0,30
711,2017,QCI 2017 Index Sites survey,2,16,0,0,55
712,2017,QCI 2017 Index Sites survey,2,16,0,0,77
713,2017,QCI 2017 Index Sites survey,2,16,0,0,79
714,2017,QCI 2017 Index Sites survey,2,16,0,0,74
715,2017,QCI 2017 Index Sites survey,2,16,0,0,59
716,2017,QCI 2017 Index Sites survey,2,16,0,0,53
717,2017,QCI 2017 Index Sites survey,2,16,0,0,39
718,2017,QCI 2017 Index Sites survey,2,16,0,0,53
719,2017,QCI 2017 Index Sites survey,2,16,0,0,50
720,2017,QCI 2017 Index Sites survey,2,16,0,0,57
721,2017,QCI 2017 Index Sites survey,2,16,0,0,32
722,2017,QCI 2017 Index Sites survey,2,16,0,0,93
723,2017,QCI 2017 Index Sites survey,2,16,0,0,53
724,2017,QCI 2017 Index Sites survey,2,16,1,0.0625,46
725,2017,QCI 2017 Index Sites survey,2,16,0,0,54
726,2017,QCI 2017 Index Sites survey,2,16,1,0.0625,83
727,2017,QCI 2017 Index Sites survey,2,16,0,0,66
728,2017,QCI 2017 Index Sites survey,2,16,0,0,82
729,2017,QCI 2017 Index Sites survey,2,16,0,0,69
730,2017,QCI 2017 Index Sites survey,2,16,0,0,40
731,2017,QCI 2017 Index Sites survey,2,16,0,0,40
732,2017,QCI 2017 Index Sites survey,2,16,0,0,104
733,2017,QCI 2017 Index Sites survey,2,16,0,0,42
734,2017,QCI 2017 Index Sites survey,2,16,0,0,47
735,2017,QCI 2017 Index Sites survey,2,16,0,0,66
736,2017,QCI 2017 Index Sites survey,2,16,0,0,129
737,2017,QCI 2017 Index Sites survey,2,16,0,0,59
738,2017,QCI 2017 Index Sites survey,2,16,0,0,55
739,2017,QCI 2017 Index Sites survey,2,16,0,0,63
740,2017,QCI 2017 Index Sites survey,2,16,0,0,67
741,2017,QCI 2017 Index Sites survey,2,16,0,0,64
742,2017,QCI 2017 Index Sites survey,2,16,0,0,68
743,2017,QCI 2017 Index Sites survey,2,16,0,0,55
744,2017,QCI 2017 Index Sites survey,2,16,0,0,99
745,2017,QCI 2017 Index Sites survey,2,16,0,0,56
746,2017,QCI 2017 Index Sites survey,2,16,0,0,84
747,2017,QCI 2017 Index Sites survey,2,16,0,0,68
748,2017,QCI 2017 Index Sites survey,2,16,0,0,70
749,2017,QCI 2017 Index Sites survey,2,16,0,0,37
750,2017,QCI 2017 Index Sites survey,2,16,0,0,110
751,2017,QCI 2017 Index Sites survey,2,16,0,0,37
752,2017,QCI 2017 Index Sites survey,2,16,0,0,47
753,2017,QCI 2017 Index Sites survey,2,16,0,0,125
754,2018,WCHG 2018 Index Sites Survey,2,16,0,0,63
755,2018,WCHG 2018 Index Sites Survey,2,16,0,0,52
756,2018,WCHG 2018 Index Sites Survey,2,16,0,0,56
757,2018,WCHG 2018 Index Sites Survey,2,16,0,0,57
758,2018,WCHG 2018 Index Sites Survey,2,16,0,0,77
759,2018,WCHG 2018 Index Sites Survey,2,16,0,0,77
760,2018,WCHG 2018 Index Sites Survey,2,16,0,0,25
761,2018,WCHG 2018 Index Sites Survey,2,16,0,0,36
762,2018,WCHG 2018 Index Sites Survey,2,16,0,0,95
763,2018,WCHG 2018 Index Sites Survey,2,16,0,0,78
764,2018,WCHG 2018 Index Sites Survey,2,16,1,0.0625,43
765,2018,WCHG 2018 Index Sites Survey,2,16,0,0,95
766,2018,WCHG 2018 Index Sites Survey,2,16,0,0,39
767,2018,WCHG 2018 Index Sites Survey,2,16,0,0,58
768,2018,WCHG 2018 Index Sites Survey,2,16,0,0,45
769,2018,WCHG 2018 Index Sites Survey,2,16,0,0,59
770,2018,WCHG 2018 Index Sites Survey,2,16,0,0,67
771,2018,WCHG 2018 Index Sites Survey,2,16,0,0,47
772,2018,WCHG 2018 Index Sites Survey,2,16,0,0,53
773,2018,WCHG 2018 Index Sites Survey,2,16,0,0,46
774,2018,WCHG 2018 Index Sites Survey,2,16,0,0,38
775,2018,WCHG 2018 Index Sites Survey,2,16,0,0,62
776,2018,WCHG 2018 Index Sites Survey,2,16,0,0,30
777,2018,WCHG 2018 Index Sites Survey,2,16,0,0,83
778,2018,WCHG 2018 Index Sites Survey,2,16,0,0,33
779,2018,WCHG 2018 Index Sites Survey,2,16,0,0,56
780,2018,WCHG 2018 Index Sites Survey,2,16,0,0,63
781,2018,WCHG 2018 Index Sites Survey,2,16,1,0.0625,60
782,2018,WCHG 2018 Index Sites Survey,2,16,2,0.125,60
783,2018,WCHG 2018 Index Sites Survey,2,16,0,0,54
784,2018,WCHG 2018 Index Sites Survey,2,16,0,0,45
785,2018,WCHG 2018 Index Sites Survey,2,16,1,0.0625,47
786,2018,WCHG 2018 Index Sites Survey,2,16,0,0,45
787,2018,WCHG 2018 Index Sites Survey,2,16,0,0,51
788,2018,WCHG 2018 Index Sites Survey,2,16,0,0,50
789,2018,WCHG 2018 Index Sites Survey,2,16,0,0,45
790,2018,WCHG 2018 Index Sites Survey,2,16,2,0.125,73
791,2018,WCHG 2018 Index Sites Survey,2,16,0,0,52
792,2018,WCHG 2018 Index Sites Survey,2,16,1,0.0625,49
793,2018,WCHG 2018 Index Sites Survey,2,16,0,0,46
794,2018,WCHG 2018 Index Sites Survey,2,16,0,0,45
795,2018,WCHG 2018 Index Sites Survey,2,16,0,0,25
796,2018,WCHG 2018 Index Sites Survey,2,16,4,0.25,52
797,2018,WCHG 2018 Index Sites Survey,2,16,0,0,53
798,2018,WCHG 2018 Index Sites Survey,2,16,0,0,54
799,2018,WCHG 2018 Index Sites Survey,2,16,0,0,81
800,2018,WCHG 2018 Index Sites Survey,2,16,0,0,39
801,2018,WCHG 2018 Index Sites Survey,2,16,0,0,37
802,2018,WCHG 2018 Index Sites Survey,2,16,0,0,54
803,2018,WCHG 2018 Index Sites Survey,2,16,0,0,60
804,2018,WCVI 2018 Index Sites Survey,26,16,0,0,86
805,2018,WCVI 2018 Index Sites Survey,26,16,0,0,51
806,2018,WCVI 2018 Index Sites Survey,26,16,0,0,53
807,2018,WCVI 2018 Index Sites Survey,26,16,0,0,35
808,2018,WCVI 2018 Index Sites Survey,26,16,0,0,40
809,2018,WCVI 2018 Index Sites Survey,26,16,0,0,99
810,2018,WCVI 2018 Index Sites Survey,26,16,0,0,41
811,2018,WCVI 2018 Index Sites Survey,26,16,0,0,29
812,2018,WCVI 2018 Index Sites Survey,26,16,0,0,66
813,2018,WCVI 2018 Index Sites Survey,26,16,0,0,51
814,2018,WCVI 2018 Index Sites Survey,26,16,0,0,37
815,2018,WCVI 2018 Index Sites Survey,26,16,0,0,76
816,2018,WCVI 2018 Index Sites Survey,26,16,0,0,63
817,2018,WCVI 2018 Index Sites Survey,26,16,0,0,57
818,2018,WCVI 2018 Index Sites Survey,26,16,0,0,74
819,2018,WCVI 2018 Index Sites Survey,26,16,0,0,27
820,2018,WCVI 2018 Index Sites Survey,26,16,0,0,86
821,2018,WCVI 2018 Index Sites Survey,26,16,0,0,40
822,2018,WCVI 2018 Index Sites Survey,26,16,0,0,37
823,2018,WCVI 2018 Index Sites Survey,26,16,0,0,33
824,2018,WCVI 2018 Index Sites Survey,26,16,0,0,51
825,2018,WCVI 2018 Index Sites Survey,26,16,0,0,73
826,2018,WCVI 2018 Index Sites Survey,26,16,0,0,44
827,2018,WCVI 2018 Index Sites Survey,26,16,0,0,46
828,2018,WCVI 2018 Index Sites Survey,26,16,0,0,67
829,2018,WCVI 2018 Index Sites Survey,27,16,0,0,54
830,2018,WCVI 2018 Index Sites Survey,27,16,0,0,35
831,2018,WCVI 2018 Index Sites Survey,27,16,0,0,43
832,2018,WCVI 2018 Index Sites Survey,27,16,0,0,41
833,2018,WCVI 2018 Index Sites Survey,27,16,0,0,39
834,2018,WCVI 2018 Index Sites Survey,27,16,0,0,29
835,2018,WCVI 2018 Index Sites Survey,27,16,0,0,28
836,2018,WCVI 2018 Index Sites Survey,27,16,0,0,47
837,2018,WCVI 2018 Index Sites Survey,27,16,0,0,46
838,2018,WCVI 2018 Index Sites Survey,27,16,0,0,57
839,2018,WCVI 2018 Index Sites Survey,27,16,0,0,54
840,2018,WCVI 2018 Index Sites Survey,27,16,1,0.0625,52
841,2018,WCVI 2018 Index Sites Survey,27,16,0,0,36
842,2018,WCVI 2018 Index Sites Survey,27,16,0,0,34
843,2018,WCVI 2018 Index Sites Survey,27,16,0,0,54
844,2018,WCVI 2018 Index Sites Survey,27,16,0,0,27
845,2018,WCVI 2018 Index Sites Survey,27,16,0,0,30
846,2018,WCVI 2018 Index Sites Survey,27,16,0,0,38
847,2018,WCVI 2018 Index Sites Survey,27,16,0,0,72
848,2018,WCVI 2018 Index Sites Survey,27,16,0,0,68
849,2018,WCVI 2018 Index Sites Survey,27,16,0,0,30
850,2018,WCVI 2018 Index Sites Survey,27,16,0,0,40
851,2018,WCVI 2018 Index Sites Survey,27,16,0,0,65
852,2018,WCVI 2018 Index Sites Survey,27,16,5,0.3125,58
853,2018,WCVI 2018 Index Sites Survey,27,15,1,0.066666667,94
854,2018,WCVI 2018 Index Sites Survey,27,16,0,0,51
855,2018,WCVI 2018 Index Sites Survey,27,16,0,0,53
856,2018,WCVI 2018 Index Sites Survey,27,16,0,0,59
857,2018,WCVI 2018 Index Sites Survey,27,16,0,0,24
858,2018,WCVI 2018 Index Sites Survey,27,16,0,0,63
859,2018,WCVI 2018 Index Sites Survey,27,16,0,0,66
860,2018,WCVI 2018 Index Sites Survey,27,16,0,0,33
861,2018,WCVI 2018 Index Sites Survey,27,16,0,0,30
862,2018,WCVI 2018 Index Sites Survey,27,8,0,0,35
